Row Labels,Sum of Fiscal Year,Sum of Revenue
2017,3386543,1.0707E+13
2018,3686682,1.32861E+13
2019,3506804,1.31874E+13
2020,787616,3.82037E+12
Grand Total,11367645,4.10009E+13
